url,name,price,was_price,discount,expected_price,mercari_price,profit,grade,is_new,is_price_down,notified
https://m.global.jdsports.com/product/blue-adidas-originals-real-madrid-third-scarf/764348/,adidas Originals Real Madrid Third Scarf,3000,4600,34.8,0,0,0,?,False,False,False
https://m.global.jdsports.com/product/white-score-draw-west-ham-united-92-retro-away-shirt/465676/,Score Draw West Ham United '92 Retro Away Shirt,5000,8000,37.5,0,0,0,?,False,False,False
https://m.global.jdsports.com/product/pink-puma-palermo-fc-202526-home-shorts/757124/,PUMA Palermo FC 2025/26 Home Shorts,5000,8000,37.5,3500,0,-1500,D,False,False,False
https://m.global.jdsports.com/product/pink-score-draw-everton-fc-92-away-shirt/779558/,Score Draw Everton FC '92 Away Shirt,5000,8000,37.5,8000,0,3000,D,False,False,False
https://m.global.jdsports.com/product/black-adidas-manchester-united-fc-1990-92-away-sweatshirt/785200/,adidas Manchester United FC 1990-92 Away Sweatshirt,5000,8000,37.5,8500,0,3500,D,False,False,False
https://m.global.jdsports.com/product/blue-score-draw-scotland-07-home-retro-shirt/803368/,Score Draw Scotland '07 Home Retro Shirt,5000,9000,44.4,8500,0,3500,D,False,False,False
https://m.global.jdsports.com/product/white-score-draw-england-90-world-cup-retro-home-shirt/045477/,Score Draw England '90 World Cup Retro Home Shirt,6000,8000,25.0,8000,0,2000,D,False,False,False
https://m.global.jdsports.com/product/white-score-draw-england-98-world-cup-home-retro-shirt-mens/370749/,Score Draw England '98 World Cup Home Retro Shirt Men's,6000,8000,25.0,8000,0,2000,D,False,False,False
https://m.global.jdsports.com/product/blue-hummel-tottenham-hotspur-fc-8587-away-shirt/749583/,Hummel Tottenham Hotspur FC 85/87 Away Shirt,6000,9000,33.3,8000,0,2000,D,False,False,False
https://m.global.jdsports.com/product/black-adidas-celtic-202526-match-away-shirt/758946/,adidas Celtic 2025/26 Match Away Shirt,6000,24000,75.0,5000,0,-1000,S,False,False,False
https://m.global.jdsports.com/product/orange-umbro-rangers-fc-202526-fourth-shirt/777976/,Umbro Rangers FC 2025/26 Fourth Shirt,6000,17000,64.7,0,0,0,?,False,False,False
https://m.global.jdsports.com/product/red-puma-czechia-2026-home-shirt/778215/,PUMA Czechia 2026 Home Shirt,6000,17000,64.7,0,0,0,?,False,False,False
https://m.global.jdsports.com/product/black-puma-new-zealand-2026-home-shirt/778280/,PUMA New Zealand 2026 Home Shirt,6000,17000,64.7,0,0,0,?,False,False,False
https://m.global.jdsports.com/product/yellow-adidas-jamaica-2026-pre-match-home-shirt/784262/,adidas Jamaica 2026 Pre Match Home Shirt,6000,12000,50.0,8500,0,2500,D,False,False,False
https://m.global.jdsports.com/product/blue-adidas-originals-germany-2026-away-shorts/785077/,adidas Originals Germany 2026 Away Shorts,6000,7600,21.1,0,0,0,?,False,False,False
https://m.global.jdsports.com/product/blue-adidas-originals-ukraine-2026-away-shirt/785100/,adidas Originals Ukraine 2026 Away Shirt,6000,17000,64.7,0,0,0,?,False,False,False
https://m.global.jdsports.com/product/red-nike-poland-2026-away-shirt/789365/,Nike Poland 2026 Away Shirt,6000,18000,66.7,0,0,0,?,False,False,False
https://m.global.jdsports.com/product/blue-score-draw-england-93-retro-third-shirt/793223/,Score Draw England '93 Retro Third Shirt,6000,8000,25.0,8500,0,2500,D,False,False,False
https://m.global.jdsports.com/product/white-score-draw-england-93-retro-home-shirt/803959/,Score Draw England '93 Retro Home Shirt,6000,8000,25.0,8500,0,2500,D,False,False,False
https://m.global.jdsports.com/product/white-score-draw-scotland-96-away-shirt/133715/,Score Draw Scotland '96 Away Shirt,7000,9000,22.2,8000,0,1000,D,False,False,False
https://m.global.jdsports.com/product/blue-score-draw-scotland-98-retro-home-shirt/133722/,Score Draw Scotland '98 Retro Home Shirt,7000,9000,22.2,8000,0,1000,D,False,False,False
https://m.global.jdsports.com/product/multi-score-draw-scotland-90-fourth-retro-shirt/695085/,Score Draw Scotland '90 Fourth Retro Shirt,7000,9000,22.2,8500,0,1500,D,False,False,False
https://m.global.jdsports.com/product/blue-umbro-west-ham-united-fc-202526-third-shirt/765729/,Umbro West Ham United FC 2025/26 Third Shirt,7000,16000,56.2,3500,0,-3500,D,False,False,False
https://m.global.jdsports.com/product/white-kappa-ogc-nice-202526-away-shirt/772016/,Kappa OGC Nice 2025/26 Away Shirt,7000,15000,53.3,0,0,0,?,False,False,False
https://m.global.jdsports.com/product/purple-macron-scotland-rugby-202526-away-shirt/754397/,Macron Scotland Rugby 2025/26 Away Shirt,8000,16400,51.2,3500,0,-4500,D,False,False,False
https://m.global.jdsports.com/product/grey-kappa-kaizer-chiefs-202526-away-shirt/772300/,Kappa Kaizer Chiefs 2025/26 Away Shirt,8000,15000,46.7,0,0,0,?,False,False,False
https://m.global.jdsports.com/product/white-puma-austria-2026-away-shirt/778282/,PUMA Austria 2026 Away Shirt,8000,17000,52.9,3500,0,-4500,D,False,False,False
https://m.global.jdsports.com/product/white-puma-switzerland-2026-away-shirt/778283/,PUMA Switzerland 2026 Away Shirt,8000,17000,52.9,0,0,0,?,False,False,False
https://m.global.jdsports.com/product/white-adidas-argentina-home-messi-jersey-2006/778808/,adidas Argentina Home Messi Jersey 2006,8000,18000,55.6,15000,10576,7000,C,True,False,True
https://m.global.jdsports.com/product/black-adidas-germany-14-retro-away-shirt/787877/,adidas Germany '14 Retro Away Shirt,8000,18000,55.6,8000,0,0,D,False,False,False
https://m.global.jdsports.com/product/white-nike-poland-2026-home-shirt/789366/,Nike Poland 2026 Home Shirt,8000,18000,55.6,3500,0,-4500,D,False,False,False
https://m.global.jdsports.com/product/orange-kappa-kaizer-chiefs-202526-home-shirt/772299/,Kappa Kaizer Chiefs 2025/26 Home Shirt,10000,15000,33.3,3500,0,-6500,D,False,False,False
https://m.global.jdsports.com/product/yellow-adidas-sweden-2026-home-shirt/776217/,adidas Sweden 2026 Home Shirt,10000,17000,41.2,3500,0,-6500,D,False,False,False
https://m.global.jdsports.com/product/red-adidas-wales-2026-match-home-shirt/776265/,adidas Wales 2026 Match Home Shirt,10000,24000,58.3,0,0,0,?,False,False,False
https://m.global.jdsports.com/product/red-puma-austria-2026-home-shirt/778220/,PUMA Austria 2026 Home Shirt,10000,17000,41.2,3500,0,-6500,D,False,False,False
https://m.global.jdsports.com/product/blue-nike-uruguay-2026-home-shirt/789758/,Nike Uruguay 2026 Home Shirt,10000,18000,44.4,4500,0,-5500,D,False,False,False
https://m.global.jdsports.com/product/red-hummel-denmark-2026-home-shirt/798137/,Hummel Denmark 2026 Home Shirt,10000,16000,37.5,3500,0,-6500,D,False,False,False
https://m.global.jdsports.com/product/white-adidas-olympique-lyon-202526-home-shirt/757534/,adidas Olympique Lyon 2025/26 Home Shirt,11000,17000,35.3,0,0,0,?,False,False,False
https://m.global.jdsports.com/product/white-mizuno-ss-lazio-202526-away-shirt/758149/,Mizuno S.S. Lazio 2025/26 Away Shirt,11000,18000,38.9,0,0,0,?,False,False,False
https://m.global.jdsports.com/product/grey-adidas-olympique-lyon-202526-third-shirt/758965/,adidas Olympique Lyon 2025/26 Third Shirt,11000,17000,35.3,0,0,0,?,False,False,False
https://m.global.jdsports.com/product/white-joma-torino-fc-202526-away-shirt/772081/,Joma Torino FC 2025/26 Away Shirt,11000,14400,23.6,3500,0,-7500,D,False,False,False
https://m.global.jdsports.com/product/red-puma-switzerland-2024-home-shirt/685112/,PUMA Switzerland 2024 Home Shirt,12000,15000,20.0,3500,0,-8500,D,False,False,False
https://m.global.jdsports.com/product/white-adidas-juventus-202526-home-shirt/757516/,adidas Juventus 2025/26 Home Shirt,12000,17000,29.4,4500,0,-7500,D,False,False,False
https://m.global.jdsports.com/product/red-adidas-benfica-202526-home-shirt/757576/,adidas Benfica 2025/26 Home Shirt,12000,17000,29.4,3500,0,-8500,D,False,False,False
https://m.global.jdsports.com/product/blue-mizuno-ss-lazio-202526-home-shirt/758146/,Mizuno S.S. Lazio 2025/26 Home Shirt,12000,18000,33.3,0,0,0,?,False,False,False
https://m.global.jdsports.com/product/white-adidas-argentina-2026-messi-10-home-shirt/776176/,adidas Argentina 2026 Messi #10 Home Shirt,12000,18000,33.3,8500,23628,-3500,D,True,False,True
https://m.global.jdsports.com/product/green-adidas-originals-mexico-86-9-retro-home-shirt/778921/,adidas Originals Mexico '86 #9 Retro Home Shirt,12000,18000,33.3,8000,0,-4000,D,False,False,False
https://m.global.jdsports.com/product/red-nike-usa-2026-home-shirt/779866/,Nike USA 2026 Home Shirt,12000,18000,33.3,2500,0,-9500,D,False,False,False
https://m.global.jdsports.com/product/black-adidas-jamaica-26-x-bob-marley-away-jersey/784260/,adidas Jamaica 26 X Bob Marley Away Jersey,12000,17000,29.4,0,0,0,?,False,False,False
https://m.global.jdsports.com/product/yellow-adidas-jamaica-2026-home-shirt/784264/,adidas Jamaica 2026 Home Shirt,12000,17000,29.4,0,0,0,?,False,False,False
https://m.global.jdsports.com/product/black-nike-canada-2026-away-shirt/785592/,Nike Canada 2026 Away Shirt,12000,18000,33.3,0,0,0,?,False,False,False
https://m.global.jdsports.com/product/black-adidas-originals-liverpool-fc-202526-ekitike-22-third-shirt/797033/,adidas Originals Liverpool FC 2025/26 Ekitike #22 Third Shirt,12000,20000,40.0,3500,0,-8500,D,False,False,False
https://m.global.jdsports.com/product/black-puma-manchester-city-fc-202526-foden-47-away-shirt/797039/,PUMA Manchester City FC 2025/26 Foden #47 Away Shirt,12000,20000,40.0,3500,0,-8500,D,False,False,False
https://m.global.jdsports.com/product/black-adidas-newcastle-united-fc-2526-woltemade-27-home-shirt/797060/,adidas Newcastle United FC 25/26 Woltemade #27 Home Shirt,12000,20000,40.0,3500,0,-8500,D,False,False,False
https://m.global.jdsports.com/product/red-puma-portugal-2026-home-shirt/803953/,PUMA Portugal 2026 Home Shirt,12000,17000,29.4,0,0,0,?,False,False,False
https://m.global.jdsports.com/product/black-adidas-aston-villa-fc-202526-long-sleeve-away-shirt/759334/,adidas Aston Villa FC 2025/26 Long Sleeve Away Shirt,12600,18000,30.0,4500,0,-8100,D,False,False,False
https://m.global.jdsports.com/product/black-adidas-aston-villa-fc-202526-watkins-away-shirt/777062/,adidas Aston Villa FC 2025/26 Watkins Away Shirt,13000,20000,35.0,5800,0,-7200,D,False,False,False
https://m.global.jdsports.com/product/black-adidas-aston-villa-fc-202526-rogers-away-shirt/777063/,adidas Aston Villa FC 2025/26 Rogers Away Shirt,13000,20000,35.0,3500,0,-9500,D,False,False,False
https://m.global.jdsports.com/product/white-adidas-newcastle-united-202425-joelinton-home-shirt/722969/,adidas Newcastle United 2024/25 Joelinton Home Shirt,14000,19000,26.3,3500,0,-10500,D,False,False,False
https://m.global.jdsports.com/product/white-adidas-afc-ajax-202526-home-shirt/757492/,adidas AFC Ajax 2025/26 Home Shirt,14000,17000,17.6,3500,0,-10500,D,False,False,False
https://m.global.jdsports.com/product/red-puma-switzerland-2026-home-shirt/778221/,PUMA Switzerland 2026 Home Shirt,14000,17000,17.6,3500,0,-10500,D,False,False,False
https://m.global.jdsports.com/product/white-puma-czech-republic-2026-away-shirt/778256/,PUMA Czech Republic 2026 Away Shirt,14000,17000,17.6,0,0,0,?,False,False,False
https://m.global.jdsports.com/product/blue-adidas-argentina-away-messi-jersey-2006/778809/,adidas Argentina Away Messi Jersey 2006,14000,18000,22.2,8000,0,-6000,D,False,False,False
https://m.global.jdsports.com/product/blue-adidas-originals-colombia-2026-away-shirt/785081/,adidas Originals Colombia 2026 Away Shirt,14000,17000,17.6,8000,0,-6000,D,False,False,False
https://m.global.jdsports.com/product/multicolor-adidas-originals-manchester-united-fc-90-92-long-sleeve-away-shirt/785198/,adidas Originals Manchester United FC '90-92 Long Sleeve Away Shirt,14000,20000,30.0,8000,0,-6000,D,False,False,False
https://m.global.jdsports.com/product/purple-nike-korea-2026-away-shirt/789716/,Nike Korea 2026 Away Shirt,14000,18000,22.2,0,0,0,?,False,False,False
https://m.global.jdsports.com/product/blue-nike-uruguay-2026-away-shirt/789759/,Nike Uruguay 2026 Away Shirt,14000,18000,22.2,0,0,0,?,False,False,False
https://m.global.jdsports.com/product/green-adidas-originals-south-africa-2026-away-shirt/798069/,adidas Originals South Africa 2026 Away Shirt,14000,17000,17.6,0,0,0,?,False,False,False
https://m.global.jdsports.com/product/blue-adidas-originals-newcastle-united-fc-2526-long-sleeve-third-shirt/758953/,adidas Originals Newcastle United FC 25/26 Long Sleeve Third Shirt,15000,18000,16.7,3500,0,-11500,D,False,False,False
https://m.global.jdsports.com/product/red-adidas-liverpool-fc-202526-wirtz-7-home-shirt/786591/,adidas Liverpool FC 2025/26 Wirtz #7 Home Shirt,16000,20000,20.0,0,0,0,?,False,False,False
https://m.global.jdsports.com/product/red-adidas-manchester-united-fc-202526-fernandes-home-shirt/777905/,adidas Manchester United FC 2025/26 Fernandes Home Shirt,17000,20000,15.0,5800,0,-11200,D,False,False,False
